{"cameraMode":{"drawMode":0,"name":"Shaded","section":"Shading Mode"},"sceneLighting":false,"audioPlay":false,"sceneViewState":{"showFog":true,"showMaterialUpdate":false,"showSkybox":false,"showFlares":true,"showImageEffects":true,"showParticleSystems":true},"in2DMode":false,"pivot":{"x":-0.11000001430511475,"y":1.7100000381469727,"z":0.0},"rotation":{"x":-0.024668259546160699,"y":0.6308789849281311,"z":-0.020074578002095224,"w":-0.7752291560173035},"size":3.678548812866211,"orthographic":false}